FirstName, twitterUrl
Ryan,https://twitter.com/ryanflorence/status/1187951799442886656
Guillermo,https://twitter.com/rauchg/status/1225611926320738304
Bret,https://twitter.com/taylorotwell/status/1106539049202999296
Dacey,https://twitter.com/dacey_nolan/status/1303744545587441666
Gilbert,https://twitter.com/GTsurwa/status/1304226774491033601
Graeme,https://twitter.com/iamgraem_e/status/1322861404781748228
Aaron,https://twitter.com/lukeredpath/status/1316543571684663298
Ken,https://twitter.com/ken_wheeler/status/1225373231139475458
Jad,https://twitter.com/JadLimcaco/status/1327417021915561984
Luke,https://twitter.com/lukeredpath/status/1316543571684663298
Jon,https://twitter.com/JonBloomer/status/1300923818622377984
Andrew,https://twitter.com/droidgilliland/status/1222733372855848961
Praveen,https://twitter.com/pkspyder007/status/1463126688301158400
Vasu,https://twitter.com/fanduvasu/status/1443396529558011904
Dennis,https://twitter.com/lawjolla/status/1443295146959728643
Eric,https://twitter.com/ericlbarnes/status/1303814860879343618
Nick,https://twitter.com/nicksaraev/status/1304200875758428160
Luke,https://twitter.com/_lukebennett/status/1303744015943204867
Sam,https://twitter.com/carre_sam/status/1303750185663770625
Evan,https://twitter.com/evanfuture/status/1303743551583514637
Rotimi,https://twitter.com/rotimi_best/status/1407010180760539136
Kelvin,https://twitter.com/Dominus_Kelvin/status/1362891692634963973
John,https://twitter.com/JCMagoo/status/1443334891706454018
Sumit,https://twitter.com/tweetsofsumit/status/1460171778337083394
Mannie,https://twitter.com/mannieschumpert/status/1445868384869134336
Christian,https://twitter.com/0xholman/status/1468691614453227523
Jilson,https://twitter.com/jilsonthomas/status/1468678743644327942
Jake,https://twitter.com/jakeryansmith/status/1468668828041293831
Debbie,https://twitter.com/debs_obrien/status/1243255468241420288
Ben,https://twitter.com/frontendben/status/1468687028036452363
Didier,https://twitter.com/didiercatz/status/1468657403382181901
Sarah,https://twitter.com/frontstuff_io/status/1468667263532339204
Trey,https://twitter.com/trey/status/1457854984020762626
Madeline,https://twitter.com/maddiexcampbell/status/1303752658029740032
Marcel,https://twitter.com/marcelpociot/status/1468664587146956803
Boris,https://twitter.com/lepikhinb/status/1468665237155074056
Christopher,https://twitter.com/assertchris/status/1468651427664908292
Chase,https://twitter.com/ChaseGiunta/status/1468658689569665026
Ivan,https://twitter.com/zaku_dev/status/1468666521895325697
Charlie,https://twitter.com/heychazza
Kahlil,https://twitter.com/kahliltweets/status/1468654856617476097
Marco,https://twitter.com/MarcoSinghof/status/1468654001772244993
Joost,https://twitter.com/joostmeijles/status/1468650757876555778
Matt,https://twitter.com/_swanson/status/1468653854199853057
Matija,https://twitter.com/silvenon/status/1468676092504551433
Hugh,https://twitter.com/hughdurkin/status/1468658970848079872
Matthias,https://twitter.com/wolax/status/1468653118443470848
Jerred,https://twitter.com/jerredchurst/status/1468657838494998530
Braunson,https://twitter.com/braunshizzle/status/1468676003941830666
Zac,https://twitter.com/zac_zajdel/status/1468662057079914499
Joel,https://twitter.com/joelvarty/status/1468671752356126728
Neil,https://twitter.com/NeilDocherty/status/1468668979698937859
Søren,https://twitter.com/skttl/status/1468669231864725514
Aaron,https://twitter.com/aarondfrancis/status/1468696321607544840
Sanjay,https://twitter.com/Megasanjay/status/1468674483099557890
Brent,https://twitter.com/brentgarner/status/1468676369143926789
Kent,https://twitter.com/kentcdodds/status/1468692023158796289
Shruti,https://twitter.com/shrutibalasa
Pieter,https://twitter.com/levelsio/status/1288542608390856705
Greg,https://twitter.com/gregsvn/status/1468667690042617857
Nuno,https://twitter.com/enunomaduro/status/1468650695104647170
Igor,https://twitter.com/igor_randj/status/1468654576576380930
Dan,https://twitter.com/ohhdanm/status/1468653056988528643
Sergio,https://twitter.com/sertxudev/status/1468660429715030019
Zach,https://twitter.com/zachknicker/status/1468662554658443264
Glenn,https://twitter.com/grossmeyer/status/1468671286415089666
Jan,https://twitter.com/Jan_DHollander/status/1468653579405770754
Andrew,https://twitter.com/waunakeesoccer1/status/1468736369757466625
Marc,https://twitter.com/marckohlbrugge/status/1468731283400536071
David,https://twitter.com/davidhellmann/status/1468703979232272398
Joshua,https://twitter.com/all_about_code/status/1468651643210240000
Josh,https://twitter.com/joshmanders/status/1468710484396359681
Ian,https://twitter.com/igaenssley/status/1468674047328370690
Jess,https://twitter.com/jessarchercodes/status/1468743738545434626
Corey,https://twitter.com/CoreyGinnivan/status/1468698985435041794
Ryan,https://twitter.com/ryanchenkie/status/1468675898559840263
Dan,https://twitter.com/dangayle/status/1468738215431467008
Dan,https://twitter.com/dbrooking/status/1468718511040126982
Trevor,https://twitter.com/TrevorCampbell_/status/1468739918662930432
Jeff,https://twitter.com/sagalbot/status/1468727120218103809
Michael,https://twitter.com/michaeldyrynda/status/1468720374657392645
Jason,https://twitter.com/jasonlbeggs/status/1468666464911736835
David,https://twitter.com/dpaluy/status/1468678245327454211
Jacob,https://twitter.com/jacobgraf/status/1468931374245687298